pubkey,ip,version,country,city,lat,lon,status,last_seen
49tRYDOAZA4k1n10r8SnwonSmlzgX6Z0VKHe5JgSwboS,88.198.2.170,1.17.20,Germany,Frankfurt,50.1109,8.6821,Offline,2025-12-21 18:10:08
uDHCZn5DiZ0hug5k3C2PrrTsJdGDGICRlNG8GHwgsItM,128.199.22.85,1.18.0,Singapore,Singapore,1.3521,103.8198,Active,2025-12-21 18:10:08
W7QHmZS8XNmA1EqXXepyLLfBnVXHnPKmLmOmMAhzbDlf,139.162.1.45,1.18.0,Singapore,Singapore,1.3521,103.8198,Active,2025-12-21 18:10:08
nwU9IiPQDh1WHbHfW4WhRICVzKqj2Zn2ausIyfajUYqp,95.216.11.21,1.18.11,Germany,Frankfurt,50.1109,8.6821,Active,2025-12-21 18:10:08
1eRN7wC6fHcVpMAZH7xpVCxjuprcoW1lMcmtiihNn9c6,128.199.22.112,1.18.0,Singapore,Singapore,1.3521,103.8198,Active,2025-12-21 18:10:08
BOU3yb3qzBQO7USt1sMjPJ0ZTiLRb4DWrWNbwbpRDq91,18.118.23.94,1.18.11,USA,New York,40.7128,-74.006,Offline,2025-12-21 18:10:08
58S2PZOPL4VP6v0k8PVx4RwayQbuPK8vOwsfsF6czkda,139.162.1.93,1.18.12,Singapore,Singapore,1.3521,103.8198,Offline,2025-12-21 18:10:08
hle3Ry3ox0moTXghBRoruK7tL9Ctnl4QsDNbPFpmOc92,18.118.23.150,1.18.12,USA,New York,40.7128,-74.006,Active,2025-12-21 18:10:08
qIEuuhUYhfO7BWaJnpPb8Bt64xjnprHzzInEobuPW4h8,139.162.1.115,1.17.20,Singapore,Singapore,1.3521,103.8198,Active,2025-12-21 18:10:08
RkYa1g5FTBBeI23BwLAXEZVNkx1HMDzQL7IyIvfb6nns,163.44.11.232,1.17.20,Japan,Tokyo,35.6762,139.6503,Active,2025-12-21 18:10:08
qJE1yfodCDjregqrlPGAucIN2uM2T5lOInSaHRyij5BA,78.46.12.17,1.18.0,Germany,Frankfurt,50.1109,8.6821,Active,2025-12-21 18:10:08
uI79Lqg4eEosOT1D3crNAN4kAiGPYrT1YYP1CyachPNy,95.216.11.121,1.18.11,Germany,Frankfurt,50.1109,8.6821,Active,2025-12-21 18:10:08
7DUUyzu1Rd3sSc5hUo6M4eCTMWaTBNyK4D2ygRcoygfF,18.118.23.222,1.17.20,USA,New York,40.7128,-74.006,Offline,2025-12-21 18:10:08
4j4ellHZBTJ2C86vEhTq6z4PRyd6eKgUVP6ExuVwifuC,13.57.122.198,1.18.0,USA,New York,40.7128,-74.006,Active,2025-12-21 18:10:08
e7XmkqWuSugBtmSw96znJpy6qYI4OQtV1Py3fCSCmPDV,18.118.23.14,1.18.11,USA,New York,40.7128,-74.006,Active,2025-12-21 18:10:08
mywYQKJnGyMRfOilZdYOcEmykNJ0IScgiiH87sbsIPYj,13.57.122.146,1.18.12,USA,New York,40.7128,-74.006,Active,2025-12-21 18:10:08
drRlfSUwy5oUYbjsuILcfYIt4abC6GALEVwgqlmrtNgJ,150.95.11.32,1.17.20,Japan,Tokyo,35.6762,139.6503,Active,2025-12-21 18:10:08
42uabBW7qxY52L9vjhu7FOAS4PeLtCdMS9ldUdsImisY,88.198.2.20,1.17.20,Germany,Frankfurt,50.1109,8.6821,Offline,2025-12-21 18:10:08
